{"cov": {"0": [[0.061438105494717433, -0.02499778275918748, -0.02499778275918748, 0.08149974593360942], [0.026192707682993102, 0.005659091826380924, 0.005659091826380924, 0.02875591595870938], [0.02579723989760044, -0.020131241122760185, -0.020131241122760185, 0.048151165898585736]], "1": [[0.05131186699711391, -0.026374479682924192, -0.026374479682924192, 0.01883228877489365], [0.023110754433358003, -0.0069755076861320155, -0.0069755076861320155, 0.02836833592262763], [0.06106465465915262, -0.02467760460658133, -0.02467760460658133, 0.08128286576290862]], "2": [[0.027170332826640844, -0.008400412655371206, -0.008400412655371206, 0.04044196297889207], [0.035968049493834434, 0.015492720439464053, 0.015492720439464053, 0.019351843047296872], [0.0360494345433549, 0.014638833823181657, 0.014638833823181657, 0.01629148685149032]], "3": [[0.024381886843710395, -0.021699897797951524, -0.021699897797951524, 0.04981001562952894], [0.06142322287095421, -0.024976574437304083, -0.024976574437304083, 0.08148258768051725], [0.02578083297137433, 0.001698850863806999, 0.001698850863806999, 0.030868867904569216]], "4": [[0.035968049493834434, 0.015492720439464053, 0.015492720439464053, 0.019351843047296872], [0.0360494345433549, 0.014638833823181653, 0.014638833823181653, 0.016291486851490317], [0.027170332826640844, -0.008400412655371206, -0.008400412655371206, 0.04044196297889207]]}, "mu": {"0": [[-0.4804644837314206, 1.220477042119972], [0.7360701898339924, 0.7242845614019912], [0.7840907619764331, 0.636469650845168]], "1": [[0.7345454713555916, 0.3830793683512454], [0.7634333458262502, 0.7247014481610081], [-0.4810289597717848, 1.2209360315919808]], "2": [[0.7589603463932412, 0.6797694399017238], [-0.6394637166412948, 1.474603500242706], [-0.32592059965446135, 0.9713359189258466]], "3": [[0.8094747560473963, 0.6047908316826133], [-0.4804892294713183, 1.2205071578887412], [0.7339987011267146, 0.7200192713524665]], "4": [[-0.6394637166412948, 1.474603500242706], [-0.32592059965446135, 0.9713359189258465], [0.7589603463932412, 0.6797694399017238]]}}